{"stats":{"minecraft:custom":{"minecraft:jump":184,"minecraft:time_since_rest":4986,"minecraft:leave_game":1,"minecraft:crouch_one_cm":141,"minecraft:walk_on_water_one_cm":465,"minecraft:sprint_one_cm":22698,"minecraft:play_time":4986,"minecraft:damage_taken":100,"minecraft:time_since_death":4986,"minecraft:walk_one_cm":7387,"minecraft:sneak_time":39,"minecraft:total_world_time":4986,"minecraft:walk_under_water_one_cm":88,"minecraft:swim_one_cm":3320,"minecraft:fall_one_cm":6716,"minecraft:fly_one_cm":38953},"minecraft:mined":{"minecraft:short_grass":11,"minecraft:fern":5},"minecraft:picked_up":{"minecraft:wheat_seeds":2}},"DataVersion":3700}