{"stats":{"minecraft:used":{"minecraft:purple_stained_glass":1,"minecraft:wooden_axe":4,"minecraft:netherite_sword":4,"minecraft:sea_lantern":70,"minecraft:grass_block":2,"minecraft:iron_block":10,"minecraft:birch_leaves":191,"minecraft:stone_pickaxe":2,"minecraft:barrier":464,"minecraft:white_concrete_powder":1,"minecraft:tinted_glass":475,"minecraft:sculk":140,"minecraft:beacon":1,"minecraft:glow_ink_sac":4,"minecraft:purple_dye":1,"minecraft:player_head":8,"minecraft:crimson_sign":3,"minecraft:pink_concrete":107,"minecraft:purple_concrete":74,"minecraft:birch_log":6,"minecraft:pink_stained_glass":1,"minecraft:white_concrete":2,"minecraft:red_dye":1,"minecraft:mangrove_sign":2},"minecraft:picked_up":{"minecraft:stick":2,"minecraft:beef":3,"minecraft:red_dye":1,"minecraft:birch_sapling":3},"minecraft:dropped":{"minecraft:red_dye":1},"minecraft:custom":{"minecraft:time_since_rest":257166,"minecraft:sprint_one_cm":125909,"minecraft:damage_taken":20,"minecraft:walk_one_cm":211320,"minecraft:mob_kills":2,"minecraft:drop":1,"minecraft:damage_dealt":694,"minecraft:swim_one_cm":2626,"minecraft:fly_one_cm":425047,"minecraft:crouch_one_cm":11269,"minecraft:play_time":257166,"minecraft:sneak_time":4192,"minecraft:walk_under_water_one_cm":5669,"minecraft:jump":662,"minecraft:leave_game":14,"minecraft:time_since_death":257166,"minecraft:walk_on_water_one_cm":709,"minecraft:total_world_time":257166,"minecraft:climb_one_cm":90,"minecraft:fall_one_cm":4906},"minecraft:mined":{"minecraft:birch_leaves":4},"minecraft:killed":{"minecraft:enderman":1,"minecraft:cow":1}},"DataVersion":3700}