{"stats":{"minecraft:custom":{"minecraft:time_since_rest":113552,"minecraft:crouch_one_cm":16229,"minecraft:sprint_one_cm":77188,"minecraft:play_time":113552,"minecraft:damage_taken":114,"minecraft:walk_one_cm":45175,"minecraft:sneak_time":4404,"minecraft:walk_under_water_one_cm":3124,"minecraft:mob_kills":15,"minecraft:jump":636,"minecraft:damage_dealt":2384,"minecraft:leave_game":5,"minecraft:walk_on_water_one_cm":1131,"minecraft:time_since_death":113552,"minecraft:climb_one_cm":59,"minecraft:total_world_time":113552,"minecraft:swim_one_cm":1592,"minecraft:fall_one_cm":3693,"minecraft:fly_one_cm":461982},"minecraft:killed":{"minecraft:axolotl":9,"minecraft:skeleton":2,"minecraft:sheep":2,"minecraft:spider":1,"minecraft:wandering_trader":1},"minecraft:picked_up":{"minecraft:bone":2,"minecraft:lead":2,"minecraft:mutton":2,"minecraft:string":2,"minecraft:white_wool":2},"minecraft:used":{"minecraft:stone_axe":43,"minecraft:grass_block":6,"minecraft:birch_leaves":15,"minecraft:barrier":138,"minecraft:axolotl_spawn_egg":11,"minecraft:tinted_glass":4,"minecraft:sculk":12,"minecraft:player_head":1},"minecraft:mined":{"minecraft:birch_leaves":1}},"DataVersion":3700}